PDB_ID,Experimental_Method,Resolution_(Ã…),nt1,chain_ID_res1,res_ID_res1,res_index_res1,icode_res1,nt2,chain_ID_res2,res_ID_res2,res_index_res2,icode_res2,base_pair,name,Saenger,LW,DSSR,bp_res,distance_hbond_1,distance_hbond_2,distance_hbond_3,atoms_ID_hbond_1,atoms_ID_hbond_2,atoms_ID_hbond_3,distance_hbond_4,atoms_ID_hbond_4,distance_hbond_5,distance_hbond_6,atoms_ID_hbond_5,atoms_ID_hbond_6,distance_hbond_7,distance_hbond_8,atoms_ID_hbond_7,atoms_ID_hbond_8,distance_hbond_9,atoms_ID_hbond_9,distance_hbond_10,atoms_ID_hbond_10,bp_name_res,combined_hbond_1,combined_hbond_2,combined_hbond_3,combined_hbond_4,combined_hbond_5,combined_hbond_6,combined_hbond_7,combined_hbond_8,combined_hbond_9,combined_hbond_10,A.N6-A.N6,A.N1-A.N1,data_ext1,data_ext2,seg_ID_res1,Molecule_res1,Organism_res1,Chain_length_reference_res1,seg_ID_res2,Molecule_res2,Organism_res2,Chain_length_reference_res2,b_factor_a_1,b_factor_a_2,b_factor_w_1,b_factor_w_2,coplanarity_angle
3JCS,ELECTRON MICROSCOPY,2.8,2.A607,2,A,607,*,2.A623,2,A,623,*,A-A,undefined,--,cWW,cW-W,2.A607-2.A623,3.15,3.316,,A.N6-A.N6,A.N1-A.N1,,,,,,,,,,,,,,,,A-A,A.N6-A.N6_3.15,A.N1-A.N1_3.316,nan_nan,nan_nan,nan_nan,nan_nan,nan_nan,nan_nan,nan_nan,nan_nan,3.15,3.316,3JCS_2,3JCS_2,B,26S delta ribosomal RNA,Leishmania donovani (5661),1527.0,B,26S delta ribosomal RNA,Leishmania donovani (5661),1527.0,15.27818181818182,17.672727272727276,15.06,16.740000000000002,20.919737499430227
3VJR,X-RAY DIFFRACTION,2.4,B.A33,B,A,33,*,D.A33,D,A,33,*,A-A,undefined,--,cWW,cW-W,B.A33-D.A33,2.707,3.053,,A.N6-A.N6,A.N1-A.N1,,,,,,,,,,,,,,,,A-A,A.N6-A.N6_2.707,A.N1-A.N1_3.053,nan_nan,nan_nan,nan_nan,nan_nan,nan_nan,nan_nan,nan_nan,nan_nan,2.707,3.053,3VJR_B,3VJR_D,B,tRNA CCA-acceptor,Not available,36.0,D,tRNA CCA-acceptor,Not available,36.0,52.114545454545464,54.186818181818175,52.092,56.254000000000005,13.158712102136748
4K50,X-RAY DIFFRACTION,2.93,J.A581,J,A,581,*,J.A598,J,A,598,*,A-A,undefined,--,cWW,cW-W,J.A581-J.A598,2.933,2.871,,A.N6-A.N6,A.N1-A.N1,,,,,,,,,,,,,,,,A-A,A.N6-A.N6_2.933,A.N1-A.N1_2.871,nan_nan,nan_nan,nan_nan,nan_nan,nan_nan,nan_nan,nan_nan,nan_nan,2.933,2.871,4K50_J,4K50_J,H,RNA (33-MER),,35.0,H,RNA (33-MER),,35.0,76.23045454545453,34.33499999999999,68.125,36.38199999999999,7.852885349342955
4U4R,X-RAY DIFFRACTION,2.801,2.A477,2,A,477,*,2.A511,2,A,511,*,A-A,undefined,--,cWW,cW-W,2.A477-2.A511,3.182,3.322,3.096,A.N6-A.N6,A.N1-A.N6,A.N1-A.N1,,,,,,,,,,,,,,,A-A,A.N6-A.N6_3.182,A.N1-A.N6_3.322,A.N1-A.N1_3.096,nan_nan,nan_nan,nan_nan,nan_nan,nan_nan,nan_nan,nan_nan,3.182,3.096,4U4R_2,4U4R_2,A,18S ribosomal RNA,Saccharomyces cerevisiae S288c (559292),1800.0,A,18S ribosomal RNA,Saccharomyces cerevisiae S288c (559292),1800.0,86.64954545454545,100.66636363636364,89.706,98.92,13.46629620633908
6V3A,ELECTRON MICROSCOPY,2.82,sN1.A1405,sN1,A,1405,*,sN1.A1489,sN1,A,1489,*,A-A,undefined,--,cWW,cW-W,sN1.A1405-sN1.A1489,3.05,3.333,2.899,A.N6-A.N6,A.N1-A.N6,A.N1-A.N1,,,,,,,,,,,,,,,A-A,A.N6-A.N6_3.05,A.N1-A.N6_3.333,A.N1-A.N1_2.899,nan_nan,nan_nan,nan_nan,nan_nan,nan_nan,nan_nan,nan_nan,3.05,2.899,6V3A_sN1,6V3A_sN1,EA,16s Ribosomal RNA,Acinetobacter baumannii (470),1544.0,EA,16s Ribosomal RNA,Acinetobacter baumannii (470),1544.0,62.62572,68.38320999999999,62.62572,68.38320999999999,23.215886414990308
6YDP,ELECTRON MICROSCOPY,3.0,AV.A23,AV,A,23,*,AV.A41,AV,A,41,*,A-A,undefined,--,cWW,cW-W,AV.A23-AV.A41,3.38,3.387,3.241,A.N6-A.N6,A.N6-A.N1,A.N1-A.N1,,,,,,,,,,,,,,,A-A,A.N6-A.N6_3.38,A.N6-A.N1_3.387,A.N1-A.N1_3.241,nan_nan,nan_nan,nan_nan,nan_nan,nan_nan,nan_nan,nan_nan,3.38,3.241,6YDP_AV,6YDP_AV,TA,fMet-tRNAMet (P site),Homo sapiens (9606),71.0,TA,fMet-tRNAMet (P site),Homo sapiens (9606),71.0,27.210000000000004,38.279999999999994,27.21,38.279999999999994,10.137900211681568
7QH7,ELECTRON MICROSCOPY,2.89,A.A1844,A,A,1844,*,A.A1859,A,A,1859,*,A-A,undefined,--,cWW,cW-W,A.A1844-A.A1859,3.34,3.041,,A.N6-A.N6,A.N1-A.N1,,,,,,,,,,,,,,,,A-A,A.N6-A.N6_3.34,A.N1-A.N1_3.041,nan_nan,nan_nan,nan_nan,nan_nan,nan_nan,nan_nan,nan_nan,nan_nan,3.34,3.041,7QH7_A,7QH7_A,UA,16S ribosomal RNA,Homo sapiens (9606),1256.0,UA,16S ribosomal RNA,Homo sapiens (9606),1256.0,10.949999999999996,10.949999999999996,10.95,10.95,13.75511528973854
7RYH,ELECTRON MICROSCOPY,2.43,a.A452,a,A,452,*,a.A472,a,A,472,*,A-A,undefined,--,cWW,cW-W,a.A452-a.A472,3.077,3.303,3.052,A.N6-A.N6,A.N1-A.N6,A.N1-A.N1,,,,,,,,,,,,,,,A-A,A.N6-A.N6_3.077,A.N1-A.N6_3.303,A.N1-A.N1_3.052,nan_nan,nan_nan,nan_nan,nan_nan,nan_nan,nan_nan,nan_nan,3.077,3.052,7RYH_a,7RYH_a,EA,16S Ribosomal RNA,Acinetobacter baumannii AB0057 (480119),1544.0,EA,16S Ribosomal RNA,Acinetobacter baumannii AB0057 (480119),1544.0,53.27,53.80999999999999,53.27,53.81,13.732331286981491
8CRE,X-RAY DIFFRACTION,3.0,1.A988,1,A,988,*,1.A1053,1,A,1053,*,A-A,undefined,--,cWW,cW-W,1.A988-1.A1053,3.398,2.943,,A.N6-A.N6,A.N1-A.N1,,,,,,,,,,,,,,,,A-A,A.N6-A.N6_3.398,A.N1-A.N1_2.943,nan_nan,nan_nan,nan_nan,nan_nan,nan_nan,nan_nan,nan_nan,nan_nan,3.398,2.943,8CRE_1,8CRE_1,A,25S,Candida albicans (5476),3359.0,A,25S,Candida albicans (5476),3359.0,57.66818181818183,53.47227272727273,55.49399999999999,55.003,11.607565441425606
8IP8,ELECTRON MICROSCOPY,2.9,aa.A143,aa,A,143,*,aa.A169,aa,A,169,*,A-A,undefined,--,cWW,cW-W,aa.A143-aa.A169,3.314,3.387,2.689,A.N6-A.N6,A.N1-A.N6,A.N1-A.N1,,,,,,,,,,,,,,,A-A,A.N6-A.N6_3.314,A.N1-A.N6_3.387,A.N1-A.N1_2.689,nan_nan,nan_nan,nan_nan,nan_nan,nan_nan,nan_nan,nan_nan,3.314,2.689,8IP8_aa,8IP8_aa,A,18S ribosomal RNA,Triticum aestivum (4565),1810.0,A,18S ribosomal RNA,Triticum aestivum (4565),1810.0,98.99206,86.11854999999997,98.99206,86.11855,27.46584934186393
8ZHC,ELECTRON MICROSCOPY,2.3,S2.A892,S2,A,892,*,S2.A919,S2,A,919,*,A-A,undefined,--,cWW,cW-W,S2.A892-S2.A919,3.312,3.388,2.627,A.N6-A.N6,A.N1-A.N6,A.N1-A.N1,,,,,,,,,,,,,,,A-A,A.N6-A.N6_3.312,A.N1-A.N6_3.388,A.N1-A.N1_2.627,nan_nan,nan_nan,nan_nan,nan_nan,nan_nan,nan_nan,nan_nan,3.312,2.627,8ZHC_S2,8ZHC_S2,SA,chain 2 18S rRNA (1799-MER),Saccharomyces cerevisiae S288C (559292),1799.0,SA,chain 2 18S rRNA (1799-MER),Saccharomyces cerevisiae S288C (559292),1799.0,49.41727272727273,43.99363636363636,47.141,43.834,11.218082596681969
9AX8,ELECTRON MICROSCOPY,2.6,A.A849,A,A,849,*,A.A928,A,A,928,*,A-A,undefined,--,cWW,cW-W,A.A849-A.A928,2.95,3.256,,A.N6-A.N6,A.N1-A.N1,,,,,,,,,,,,,,,,A-A,A.N6-A.N6_2.95,A.N1-A.N1_3.256,nan_nan,nan_nan,nan_nan,nan_nan,nan_nan,nan_nan,nan_nan,nan_nan,2.95,3.256,9AX8_A,9AX8_A,AB,23S ribosomal RNA,Escherichia coli (562),2903.0,AB,23S ribosomal RNA,Escherichia coli (562),2903.0,80.49500000000002,77.67,80.16,75.076,10.73673101410222
9AXU,ELECTRON MICROSCOPY,1.94,2.A1654,2,A,1654,*,2.A1880,2,A,1880,*,A-A,undefined,--,cWW,cW-W,2.A1654-2.A1880,3.252,3.073,,A.N6-A.N6,A.N1-A.N1,,,,,,,,,,,,,,,,A-A,A.N6-A.N6_3.252,A.N1-A.N1_3.073,nan_nan,nan_nan,nan_nan,nan_nan,nan_nan,nan_nan,nan_nan,nan_nan,3.252,3.073,9AXU_2,9AXU_2,C,28S ribosomal RNA,Schizosaccharomyces pombe (4896),3498.0,C,28S ribosomal RNA,Schizosaccharomyces pombe (4896),3498.0,60.88531227272728,60.85268136363636,59.72835200000001,60.33386300000001,5.924411770645349
9B11,ELECTRON MICROSCOPY,2.77,S2.A529,S2,A,529,*,S2.A555,S2,A,555,*,A-A,undefined,--,cWW,cW-W,S2.A529-S2.A555,2.864,2.864,,A.N6-A.N6,A.N1-A.N1,,,,,,,,,,,,,,,,A-A,A.N6-A.N6_2.864,A.N1-A.N1_2.864,nan_nan,nan_nan,nan_nan,nan_nan,nan_nan,nan_nan,nan_nan,nan_nan,2.864,2.864,9B11_S2,9B11_S2,ZB,18S rRNA,Homo sapiens (9606),1740.0,ZB,18S rRNA,Homo sapiens (9606),1740.0,86.66136363636363,95.75227272727274,86.374,95.057,37.23116670918552
9MQT,ELECTRON MICROSCOPY,2.43,A.A262,A,A,262,*,A.A281,A,A,281,*,A-A,undefined,--,cWW,cW-W,A.A262-A.A281,2.678,2.735,2.632,A.N6-A.N6,A.N6-A.N1,A.N1-A.N1,,,,,,,,,,,,,,,A-A,A.N6-A.N6_2.678,A.N6-A.N1_2.735,A.N1-A.N1_2.632,nan_nan,nan_nan,nan_nan,nan_nan,nan_nan,nan_nan,nan_nan,2.678,2.632,9MQT_A,9MQT_A,A,RNA (332-MER),Candida albicans (5476),332.0,A,RNA (332-MER),Candida albicans (5476),332.0,47.55090909090909,44.57909090909091,47.334,43.526,1.9009017018868235
9MQU,ELECTRON MICROSCOPY,2.59,A.A262,A,A,262,*,A.A281,A,A,281,*,A-A,undefined,--,cWW,cW-W,A.A262-A.A281,2.678,2.736,2.632,A.N6-A.N6,A.N6-A.N1,A.N1-A.N1,,,,,,,,,,,,,,,A-A,A.N6-A.N6_2.678,A.N6-A.N1_2.736,A.N1-A.N1_2.632,nan_nan,nan_nan,nan_nan,nan_nan,nan_nan,nan_nan,nan_nan,2.678,2.632,9MQU_A,9MQU_A,A,RNA (332-MER),Candida albicans (5476),332.0,A,RNA (332-MER),Candida albicans (5476),332.0,47.55090909090909,44.57909090909091,47.334,43.526,1.900840864812693
