PDB_ID,Experimental_Method,Resolution_(Ã…),nt1,chain_ID_res1,res_ID_res1,res_index_res1,icode_res1,nt2,chain_ID_res2,res_ID_res2,res_index_res2,icode_res2,base_pair,name,Saenger,LW,DSSR,bp_res,distance_hbond_1,distance_hbond_2,distance_hbond_3,atoms_ID_hbond_1,atoms_ID_hbond_2,atoms_ID_hbond_3,distance_hbond_4,atoms_ID_hbond_4,distance_hbond_5,distance_hbond_6,atoms_ID_hbond_5,atoms_ID_hbond_6,distance_hbond_7,distance_hbond_8,atoms_ID_hbond_7,atoms_ID_hbond_8,distance_hbond_9,atoms_ID_hbond_9,distance_hbond_10,atoms_ID_hbond_10,bp_name_res,combined_hbond_1,combined_hbond_2,combined_hbond_3,combined_hbond_4,combined_hbond_5,combined_hbond_6,combined_hbond_7,combined_hbond_8,combined_hbond_9,combined_hbond_10,A.N6-A.N6,A.N1-A.N1,data_ext1,data_ext2,seg_ID_res1,Molecule_res1,Organism_res1,Chain_length_reference_res1,seg_ID_res2,Molecule_res2,Organism_res2,Chain_length_reference_res2,b_factor_a_1,b_factor_a_2,b_factor_w_1,b_factor_w_2,coplanarity_angle,bp_ID,2D_location
3JCS,ELECTRON MICROSCOPY,2.8,2.A607,2,A,607,*,2.A623,2,A,623,*,A-A,undefined,--,cWW,cW-W,2.A607-2.A623,3.15,3.316,,A.N6-A.N6,A.N1-A.N1,,,,,,,,,,,,,,,,A-A,A.N6-A.N6_3.15,A.N1-A.N1_3.316,nan_nan,nan_nan,nan_nan,nan_nan,nan_nan,nan_nan,nan_nan,nan_nan,3.15,3.316,3JCS_2,3JCS_2,B,26S delta ribosomal RNA,Leishmania donovani (5661),1527,B,26S delta ribosomal RNA,Leishmania donovani (5661),1527,15.27818182,17.67272727,15.06,16.74,20.9197375,3JCS_2_607_*_2_623_*,terminal
3VJR,X-RAY DIFFRACTION,2.4,B.A33,B,A,33,*,D.A33,D,A,33,*,A-A,undefined,--,cWW,cW-W,B.A33-D.A33,2.707,3.053,,A.N6-A.N6,A.N1-A.N1,,,,,,,,,,,,,,,,A-A,A.N6-A.N6_2.707,A.N1-A.N1_3.053,nan_nan,nan_nan,nan_nan,nan_nan,nan_nan,nan_nan,nan_nan,nan_nan,2.707,3.053,3VJR_B,3VJR_D,B,tRNA CCA-acceptor,Not available,36,D,tRNA CCA-acceptor,Not available,36,52.11454545,54.18681818,52.092,56.254,13.1587121,3VJR_B_33_*_D_33_*,unstructured
4K50,X-RAY DIFFRACTION,2.93,J.A581,J,A,581,*,J.A598,J,A,598,*,A-A,undefined,--,cWW,cW-W,J.A581-J.A598,2.933,2.871,,A.N6-A.N6,A.N1-A.N1,,,,,,,,,,,,,,,,A-A,A.N6-A.N6_2.933,A.N1-A.N1_2.871,nan_nan,nan_nan,nan_nan,nan_nan,nan_nan,nan_nan,nan_nan,nan_nan,2.933,2.871,4K50_J,4K50_J,H,RNA (33-MER),,35,H,RNA (33-MER),,35,76.23045455,34.335,68.125,36.382,7.852885349,4K50_J_581_*_J_598_*,terminal
4U4R,X-RAY DIFFRACTION,2.801,2.A477,2,A,477,*,2.A511,2,A,511,*,A-A,undefined,--,cWW,cW-W,2.A477-2.A511,3.182,3.322,3.096,A.N6-A.N6,A.N1-A.N6,A.N1-A.N1,,,,,,,,,,,,,,,A-A,A.N6-A.N6_3.182,A.N1-A.N6_3.322,A.N1-A.N1_3.096,nan_nan,nan_nan,nan_nan,nan_nan,nan_nan,nan_nan,nan_nan,3.182,3.096,4U4R_2,4U4R_2,A,18S ribosomal RNA,Saccharomyces cerevisiae S288c (559292),1800,A,18S ribosomal RNA,Saccharomyces cerevisiae S288c (559292),1800,86.64954545,100.6663636,89.706,98.92,13.46629621,4U4R_2_477_*_2_511_*,unstructured
5J5B,X-RAY DIFFRACTION,2.8,DA.A2117,DA,A,2117,*,DA.A2171,DA,A,2171,*,A-A,undefined,--,cWW,cW-W,DA.A2117-DA.A2171,3.122,3.147,,A.N6-A.N6,A.N1-A.N1,,,,,,,,,,,,,,,,A-A,A.N6-A.N6_3.122,A.N1-A.N1_3.147,nan_nan,nan_nan,nan_nan,nan_nan,nan_nan,nan_nan,nan_nan,nan_nan,3.122,3.147,5J5B_DA,5J5B_DA,AD,23S rRNA,Escherichia coli (strain K12) (83333),2904,AD,23S rRNA,Escherichia coli (strain K12) (83333),2904,296.7713636,297.9681818,296.872,297.848,43.10587511,5J5B_DA_2117_*_DA_2171_*,unstructured
5J7L,X-RAY DIFFRACTION,3,DA.A2117,DA,A,2117,*,DA.A2171,DA,A,2171,*,A-A,undefined,--,cWW,cW-W,DA.A2117-DA.A2171,3.137,3.166,,A.N6-A.N6,A.N1-A.N1,,,,,,,,,,,,,,,,A-A,A.N6-A.N6_3.137,A.N1-A.N1_3.166,nan_nan,nan_nan,nan_nan,nan_nan,nan_nan,nan_nan,nan_nan,nan_nan,3.137,3.166,5J7L_DA,5J7L_DA,AD,23S rRNA,Escherichia coli (strain K12) (83333),2904,AD,23S rRNA,Escherichia coli (strain K12) (83333),2904,295.7663636,296.7131818,295.667,296.786,43.82823597,5J7L_DA_2117_*_DA_2171_*,unstructured
5J91,X-RAY DIFFRACTION,2.96,DA.A2117,DA,A,2117,*,DA.A2171,DA,A,2171,*,A-A,undefined,--,cWW,cW-W,DA.A2117-DA.A2171,3.122,3.146,,A.N6-A.N6,A.N1-A.N1,,,,,,,,,,,,,,,,A-A,A.N6-A.N6_3.122,A.N1-A.N1_3.146,nan_nan,nan_nan,nan_nan,nan_nan,nan_nan,nan_nan,nan_nan,nan_nan,3.122,3.146,5J91_DA,5J91_DA,AD,23S rRNA,Escherichia coli K-12 (83333),2904,AD,23S rRNA,Escherichia coli K-12 (83333),2904,298.895,299.4731818,298.94,299.317,43.09220806,5J91_DA_2117_*_DA_2171_*,unstructured
6ID0,ELECTRON MICROSCOPY,2.9,F.A41,F,A,41,*,G.A6,G,A,6,*,A-A,undefined,--,cWW,cW-W,F.A41-G.A6,1.983,2.54,2.268,A.N6-A.N6,A.N6-A.N1,A.N1-A.N1,,,,,,,,,,,,,,,A-A,A.N6-A.N6_1.983,A.N6-A.N1_2.54,A.N1-A.N1_2.268,nan_nan,nan_nan,nan_nan,nan_nan,nan_nan,nan_nan,nan_nan,1.983,2.268,6ID0_F,6ID0_G,E,U6snRNA,Homo sapiens (9606),107,P,pre-mRNA,Homo sapiens (9606),272,102.23,97.68,102.23,97.68,13.21800552,6ID0_F_41_*_G_6_*,unstructured
6T4Q,ELECTRON MICROSCOPY,2.6,7.A26,7,A,26,*,7.A44,7,A,44,*,A-A,undefined,--,cWW,cW-W,7.A26-7.A44,3.346,3.281,,A.N6-A.N6,A.N1-A.N1,,,,,,,,,,,,,,,,A-A,A.N6-A.N6_3.346,A.N1-A.N1_3.281,nan_nan,nan_nan,nan_nan,nan_nan,nan_nan,nan_nan,nan_nan,nan_nan,3.346,3.281,6T4Q_7,6T4Q_7,BC,tRNA (E/E),Saccharomyces cerevisiae (4932),75,BC,tRNA (E/E),Saccharomyces cerevisiae (4932),75,109.3,108.26,109.3,108.26,4.982051408,6T4Q_7_26_*_7_44_*,terminal
6V3A,ELECTRON MICROSCOPY,2.82,sN1.A1405,sN1,A,1405,*,sN1.A1489,sN1,A,1489,*,A-A,undefined,--,cWW,cW-W,sN1.A1405-sN1.A1489,3.05,3.333,2.899,A.N6-A.N6,A.N1-A.N6,A.N1-A.N1,,,,,,,,,,,,,,,A-A,A.N6-A.N6_3.05,A.N1-A.N6_3.333,A.N1-A.N1_2.899,nan_nan,nan_nan,nan_nan,nan_nan,nan_nan,nan_nan,nan_nan,3.05,2.899,6V3A_sN1,6V3A_sN1,EA,16s Ribosomal RNA,Acinetobacter baumannii (470),1544,EA,16s Ribosomal RNA,Acinetobacter baumannii (470),1544,62.62572,68.38321,62.62572,68.38321,23.21588641,6V3A_sN1_1405_*_sN1_1489_*,terminal
6YDP,ELECTRON MICROSCOPY,3,AV.A23,AV,A,23,*,AV.A41,AV,A,41,*,A-A,undefined,--,cWW,cW-W,AV.A23-AV.A41,3.38,3.387,3.241,A.N6-A.N6,A.N6-A.N1,A.N1-A.N1,,,,,,,,,,,,,,,A-A,A.N6-A.N6_3.38,A.N6-A.N1_3.387,A.N1-A.N1_3.241,nan_nan,nan_nan,nan_nan,nan_nan,nan_nan,nan_nan,nan_nan,3.38,3.241,6YDP_AV,6YDP_AV,TA,fMet-tRNAMet (P site),Homo sapiens (9606),71,TA,fMet-tRNAMet (P site),Homo sapiens (9606),71,27.21,38.28,27.21,38.28,10.13790021,6YDP_AV_23_*_AV_41_*,terminal
7N2U,ELECTRON MICROSCOPY,2.53,23.A2117,23,A,2117,*,23.A2170,23,A,2170,*,A-A,undefined,--,cWW,cW-W,23.A2117-23.A2170,3.207,3.059,,A.N6-A.N6,A.N1-A.N1,,,,,,,,,,,,,,,,A-A,A.N6-A.N6_3.207,A.N1-A.N1_3.059,nan_nan,nan_nan,nan_nan,nan_nan,nan_nan,nan_nan,nan_nan,nan_nan,3.207,3.059,7N2U_23,7N2U_23,W,23S rRNA,Escherichia coli (strain K12) (83333),2904,W,23S rRNA,Escherichia coli (strain K12) (83333),2904,92.81,90.3,92.81,90.3,52.95006547,7N2U_23_2117_*_23_2170_*,unstructured
7OSA,X-RAY DIFFRACTION,3,25S.A2462,25S,A,2462,*,25S.A2494,25S,A,2494,*,A-A,undefined,--,cWW,cW-W,25S.A2462-25S.A2494,3.14,3.379,2.875,A.N6-A.N6,A.N1-A.N6,A.N1-A.N1,,,,,,,,,,,,,,,A-A,A.N6-A.N6_3.14,A.N1-A.N6_3.379,A.N1-A.N1_2.875,nan_nan,nan_nan,nan_nan,nan_nan,nan_nan,nan_nan,nan_nan,3.14,2.875,7OSA_25S,7OSA_25S,A,25S rRNA,Saccharomyces cerevisiae (4932),3396,A,25S rRNA,Saccharomyces cerevisiae (4932),3396,181.1463636,185.8718182,181.333,183.097,18.87259441,7OSA_25S_2462_*_25S_2494_*,unstructured
7OYD,ELECTRON MICROSCOPY,2.3,5.A2408,5,A,2408,*,5.A2791,5,A,2791,*,A-A,undefined,--,cWW,cW-W,5.A2408-5.A2791,2.93,3.311,,A.N6-A.N6,A.N1-A.N1,,,,,,,,,,,,,,,,A-A,A.N6-A.N6_2.93,A.N1-A.N1_3.311,nan_nan,nan_nan,nan_nan,nan_nan,nan_nan,nan_nan,nan_nan,nan_nan,2.93,3.311,7OYD_5,7OYD_5,B,28S rRNA,Oryctolagus cuniculus (9986),3740,B,28S rRNA,Oryctolagus cuniculus (9986),3740,46.44,48.24,46.44,48.24,59.85410757,7OYD_5_2408_*_5_2791_*,unstructured
7QH7,ELECTRON MICROSCOPY,2.89,A.A1844,A,A,1844,*,A.A1859,A,A,1859,*,A-A,undefined,--,cWW,cW-W,A.A1844-A.A1859,3.34,3.041,,A.N6-A.N6,A.N1-A.N1,,,,,,,,,,,,,,,,A-A,A.N6-A.N6_3.34,A.N1-A.N1_3.041,nan_nan,nan_nan,nan_nan,nan_nan,nan_nan,nan_nan,nan_nan,nan_nan,3.34,3.041,7QH7_A,7QH7_A,UA,16S ribosomal RNA,Homo sapiens (9606),1256,UA,16S ribosomal RNA,Homo sapiens (9606),1256,10.95,10.95,10.95,10.95,13.75511529,7QH7_A_1844_*_A_1859_*,terminal
7RYH,ELECTRON MICROSCOPY,2.43,a.A452,a,A,452,*,a.A472,a,A,472,*,A-A,undefined,--,cWW,cW-W,a.A452-a.A472,3.077,3.303,3.052,A.N6-A.N6,A.N1-A.N6,A.N1-A.N1,,,,,,,,,,,,,,,A-A,A.N6-A.N6_3.077,A.N1-A.N6_3.303,A.N1-A.N1_3.052,nan_nan,nan_nan,nan_nan,nan_nan,nan_nan,nan_nan,nan_nan,3.077,3.052,7RYH_a,7RYH_a,EA,16S Ribosomal RNA,Acinetobacter baumannii AB0057 (480119),1544,EA,16S Ribosomal RNA,Acinetobacter baumannii AB0057 (480119),1544,53.27,53.81,53.27,53.81,13.73233129,7RYH_a_452_*_a_472_*,terminal
7UVX,ELECTRON MICROSCOPY,2.35,a.A452,a,A,452,*,a.A472,a,A,472,*,A-A,undefined,--,cWW,cW-W,a.A452-a.A472,3.142,3.155,,A.N6-A.N6,A.N1-A.N1,,,,,,,,,,,,,,,,A-A,A.N6-A.N6_3.142,A.N1-A.N1_3.155,nan_nan,nan_nan,nan_nan,nan_nan,nan_nan,nan_nan,nan_nan,nan_nan,3.142,3.155,7UVX_a,7UVX_a,EA,16s Ribosomal RNA,Acinetobacter baumannii AB0057 (480119),1544,EA,16s Ribosomal RNA,Acinetobacter baumannii AB0057 (480119),1544,109.76,119.16,109.76,119.16,16.75737533,7UVX_a_452_*_a_472_*,terminal
7UVY,ELECTRON MICROSCOPY,2.39,a.A452,a,A,452,*,a.A472,a,A,472,*,A-A,undefined,--,cWW,cW-W,a.A452-a.A472,3.259,3.294,,A.N6-A.N6,A.N1-A.N1,,,,,,,,,,,,,,,,A-A,A.N6-A.N6_3.259,A.N1-A.N1_3.294,nan_nan,nan_nan,nan_nan,nan_nan,nan_nan,nan_nan,nan_nan,nan_nan,3.259,3.294,7UVY_a,7UVY_a,EA,16s Ribosomal RNA,Acinetobacter baumannii AB0057 (480119),1544,EA,16s Ribosomal RNA,Acinetobacter baumannii AB0057 (480119),1544,113.55,123.17,113.55,123.17,14.81892153,7UVY_a_452_*_a_472_*,terminal
7UW1,ELECTRON MICROSCOPY,2.21,a.A452,a,A,452,*,a.A472,a,A,472,*,A-A,undefined,--,cWW,cW-W,a.A452-a.A472,3.231,3.232,,A.N6-A.N6,A.N1-A.N1,,,,,,,,,,,,,,,,A-A,A.N6-A.N6_3.231,A.N1-A.N1_3.232,nan_nan,nan_nan,nan_nan,nan_nan,nan_nan,nan_nan,nan_nan,nan_nan,3.231,3.232,7UW1_a,7UW1_a,EA,16s Ribosomal RNA,Acinetobacter baumannii AB0057 (480119),1544,EA,16s Ribosomal RNA,Acinetobacter baumannii AB0057 (480119),1544,110.08,118.86,110.08,118.86,13.42895235,7UW1_a_452_*_a_472_*,terminal
8ANY,ELECTRON MICROSCOPY,2.85,Ay.A26,Ay,A,26,*,Ay.A44,Ay,A,44,*,A-A,undefined,--,cWW,cW-W,Ay.A26-Ay.A44,3.159,3.304,3.016,A.N6-A.N6,A.N6-A.N1,A.N1-A.N1,,,,,,,,,,,,,,,A-A,A.N6-A.N6_3.159,A.N6-A.N1_3.304,A.N1-A.N1_3.016,nan_nan,nan_nan,nan_nan,nan_nan,nan_nan,nan_nan,nan_nan,3.159,3.016,8ANY_Ay,8ANY_Ay,FA,E/E-tRNA,Homo sapiens (9606),70,FA,E/E-tRNA,Homo sapiens (9606),70,163.86,166.16,163.86,166.16,35.2881167,8ANY_Ay_26_*_Ay_44_*,terminal
8CRE,X-RAY DIFFRACTION,3,1.A988,1,A,988,*,1.A1053,1,A,1053,*,A-A,undefined,--,cWW,cW-W,1.A988-1.A1053,3.398,2.943,,A.N6-A.N6,A.N1-A.N1,,,,,,,,,,,,,,,,A-A,A.N6-A.N6_3.398,A.N1-A.N1_2.943,nan_nan,nan_nan,nan_nan,nan_nan,nan_nan,nan_nan,nan_nan,nan_nan,3.398,2.943,8CRE_1,8CRE_1,A,25S,Candida albicans (5476),3359,A,25S,Candida albicans (5476),3359,57.66818182,53.47227273,55.494,55.003,11.60756544,8CRE_1_988_*_1_1053_*,terminal
8IP8,ELECTRON MICROSCOPY,2.9,aa.A143,aa,A,143,*,aa.A169,aa,A,169,*,A-A,undefined,--,cWW,cW-W,aa.A143-aa.A169,3.314,3.387,2.689,A.N6-A.N6,A.N1-A.N6,A.N1-A.N1,,,,,,,,,,,,,,,A-A,A.N6-A.N6_3.314,A.N1-A.N6_3.387,A.N1-A.N1_2.689,nan_nan,nan_nan,nan_nan,nan_nan,nan_nan,nan_nan,nan_nan,3.314,2.689,8IP8_aa,8IP8_aa,A,18S ribosomal RNA,Triticum aestivum (4565),1810,A,18S ribosomal RNA,Triticum aestivum (4565),1810,98.99206,86.11855,98.99206,86.11855,27.46584934,8IP8_aa_143_*_aa_169_*,unstructured
8QOI,ELECTRON MICROSCOPY,1.9,S2.A529,S2,A,529,*,S2.A555,S2,A,555,*,A-A,undefined,--,cWW,cW-W,S2.A529-S2.A555,2.994,3.047,,A.N6-A.N6,A.N1-A.N1,,,,,,,,,,,,,,,,A-A,A.N6-A.N6_2.994,A.N1-A.N1_3.047,nan_nan,nan_nan,nan_nan,nan_nan,nan_nan,nan_nan,nan_nan,nan_nan,2.994,3.047,8QOI_S2,8QOI_S2,TA,18S rRNA (1740-MER),Homo sapiens (9606),1869,TA,18S rRNA (1740-MER),Homo sapiens (9606),1869,68.39,78.1,68.39,78.1,41.0676274,8QOI_S2_529_*_S2_555_*,unstructured
8WHX,ELECTRON MICROSCOPY,2.8,A.A2340,A,A,2340,*,A.A2394,A,A,2394,*,A-A,undefined,--,cWW,cW-W,A.A2340-A.A2394,2.942,2.956,,A.N6-A.N6,A.N1-A.N1,,,,,,,,,,,,,,,,A-A,A.N6-A.N6_2.942,A.N1-A.N1_2.956,nan_nan,nan_nan,nan_nan,nan_nan,nan_nan,nan_nan,nan_nan,nan_nan,2.942,2.956,8WHX_A,8WHX_A,AA,23S rRNA,Mycolicibacterium smegmatis MC2 155 (246196),3119,AA,23S rRNA,Mycolicibacterium smegmatis MC2 155 (246196),3119,277.16,279.8322727,277.209,279.15,54.39457782,8WHX_A_2340_*_A_2394_*,unstructured
8ZHC,ELECTRON MICROSCOPY,2.3,S2.A892,S2,A,892,*,S2.A919,S2,A,919,*,A-A,undefined,--,cWW,cW-W,S2.A892-S2.A919,3.312,3.388,2.627,A.N6-A.N6,A.N1-A.N6,A.N1-A.N1,,,,,,,,,,,,,,,A-A,A.N6-A.N6_3.312,A.N1-A.N6_3.388,A.N1-A.N1_2.627,nan_nan,nan_nan,nan_nan,nan_nan,nan_nan,nan_nan,nan_nan,3.312,2.627,8ZHC_S2,8ZHC_S2,SA,chain 2 18S rRNA (1799-MER),Saccharomyces cerevisiae S288C (559292),1799,SA,chain 2 18S rRNA (1799-MER),Saccharomyces cerevisiae S288C (559292),1799,49.41727273,43.99363636,47.141,43.834,11.2180826,8ZHC_S2_892_*_S2_919_*,unstructured
9AX8,ELECTRON MICROSCOPY,2.6,A.A849,A,A,849,*,A.A928,A,A,928,*,A-A,undefined,--,cWW,cW-W,A.A849-A.A928,2.95,3.256,,A.N6-A.N6,A.N1-A.N1,,,,,,,,,,,,,,,,A-A,A.N6-A.N6_2.95,A.N1-A.N1_3.256,nan_nan,nan_nan,nan_nan,nan_nan,nan_nan,nan_nan,nan_nan,nan_nan,2.95,3.256,9AX8_A,9AX8_A,AB,23S ribosomal RNA,Escherichia coli (562),2903,AB,23S ribosomal RNA,Escherichia coli (562),2903,80.495,77.67,80.16,75.076,10.73673101,9AX8_A_849_*_A_928_*,unstructured
9AXU,ELECTRON MICROSCOPY,1.94,2.A1654,2,A,1654,*,2.A1880,2,A,1880,*,A-A,undefined,--,cWW,cW-W,2.A1654-2.A1880,3.252,3.073,,A.N6-A.N6,A.N1-A.N1,,,,,,,,,,,,,,,,A-A,A.N6-A.N6_3.252,A.N1-A.N1_3.073,nan_nan,nan_nan,nan_nan,nan_nan,nan_nan,nan_nan,nan_nan,nan_nan,3.252,3.073,9AXU_2,9AXU_2,C,28S ribosomal RNA,Schizosaccharomyces pombe (4896),3498,C,28S ribosomal RNA,Schizosaccharomyces pombe (4896),3498,60.88531227,60.85268136,59.728352,60.333863,5.924411771,9AXU_2_1654_*_2_1880_*,terminal
9B0G,ELECTRON MICROSCOPY,2.57,S2.A529,S2,A,529,*,S2.A555,S2,A,555,*,A-A,undefined,--,cWW,cW-W,S2.A529-S2.A555,3.121,2.888,,A.N6-A.N6,A.N1-A.N1,,,,,,,,,,,,,,,,A-A,A.N6-A.N6_3.121,A.N1-A.N1_2.888,nan_nan,nan_nan,nan_nan,nan_nan,nan_nan,nan_nan,nan_nan,nan_nan,3.121,2.888,9B0G_S2,9B0G_S2,A,18S rRNA,Homo sapiens (9606),1869,A,18S rRNA,Homo sapiens (9606),1869,120.2336364,127.4472727,120.026,127.084,26.58010246,9B0G_S2_529_*_S2_555_*,terminal
9B0H,ELECTRON MICROSCOPY,2.59,S2.A529,S2,A,529,*,S2.A555,S2,A,555,*,A-A,undefined,--,cWW,cW-W,S2.A529-S2.A555,3.063,3.347,2.904,A.N6-A.N6,A.N1-A.N6,A.N1-A.N1,,,,,,,,,,,,,,,A-A,A.N6-A.N6_3.063,A.N1-A.N6_3.347,A.N1-A.N1_2.904,nan_nan,nan_nan,nan_nan,nan_nan,nan_nan,nan_nan,nan_nan,3.063,2.904,9B0H_S2,9B0H_S2,A,18S rRNA,Homo sapiens (9606),1869,A,18S rRNA,Homo sapiens (9606),1869,131.3968182,148.9481818,131.227,148.755,23.40831028,9B0H_S2_529_*_S2_555_*,terminal
9B0O,ELECTRON MICROSCOPY,2.83,S2.A529,S2,A,529,*,S2.A555,S2,A,555,*,A-A,undefined,--,cWW,cW-W,S2.A529-S2.A555,3.159,2.802,,A.N6-A.N6,A.N1-A.N1,,,,,,,,,,,,,,,,A-A,A.N6-A.N6_3.159,A.N1-A.N1_2.802,nan_nan,nan_nan,nan_nan,nan_nan,nan_nan,nan_nan,nan_nan,nan_nan,3.159,2.802,9B0O_S2,9B0O_S2,CC,18S rRNA,Homo sapiens (9606),1740,CC,18S rRNA,Homo sapiens (9606),1740,153.5204545,165.8668182,153.105,165.489,27.95588986,9B0O_S2_529_*_S2_555_*,terminal
9B0R,ELECTRON MICROSCOPY,2.81,S2.A529,S2,A,529,*,S2.A555,S2,A,555,*,A-A,undefined,--,cWW,cW-W,S2.A529-S2.A555,3.014,3.324,2.802,A.N6-A.N6,A.N1-A.N6,A.N1-A.N1,,,,,,,,,,,,,,,A-A,A.N6-A.N6_3.014,A.N1-A.N6_3.324,A.N1-A.N1_2.802,nan_nan,nan_nan,nan_nan,nan_nan,nan_nan,nan_nan,nan_nan,3.014,2.802,9B0R_S2,9B0R_S2,WA,18S rRNA,Homo sapiens (9606),1869,WA,18S rRNA,Homo sapiens (9606),1869,96.49954545,102.2604545,95.697,101.757,22.45977293,9B0R_S2_529_*_S2_555_*,terminal
9B11,ELECTRON MICROSCOPY,2.77,S2.A529,S2,A,529,*,S2.A555,S2,A,555,*,A-A,undefined,--,cWW,cW-W,S2.A529-S2.A555,2.864,2.864,,A.N6-A.N6,A.N1-A.N1,,,,,,,,,,,,,,,,A-A,A.N6-A.N6_2.864,A.N1-A.N1_2.864,nan_nan,nan_nan,nan_nan,nan_nan,nan_nan,nan_nan,nan_nan,nan_nan,2.864,2.864,9B11_S2,9B11_S2,ZB,18S rRNA,Homo sapiens (9606),1740,ZB,18S rRNA,Homo sapiens (9606),1740,86.66136364,95.75227273,86.374,95.057,37.23116671,9B11_S2_529_*_S2_555_*,terminal
9MQT,ELECTRON MICROSCOPY,2.43,A.A262,A,A,262,*,A.A281,A,A,281,*,A-A,undefined,--,cWW,cW-W,A.A262-A.A281,2.678,2.735,2.632,A.N6-A.N6,A.N6-A.N1,A.N1-A.N1,,,,,,,,,,,,,,,A-A,A.N6-A.N6_2.678,A.N6-A.N1_2.735,A.N1-A.N1_2.632,nan_nan,nan_nan,nan_nan,nan_nan,nan_nan,nan_nan,nan_nan,2.678,2.632,9MQT_A,9MQT_A,A,RNA (332-MER),Candida albicans (5476),332,A,RNA (332-MER),Candida albicans (5476),332,47.55090909,44.57909091,47.334,43.526,1.900901702,9MQT_A_262_*_A_281_*,terminal
9MQU,ELECTRON MICROSCOPY,2.59,A.A262,A,A,262,*,A.A281,A,A,281,*,A-A,undefined,--,cWW,cW-W,A.A262-A.A281,2.678,2.736,2.632,A.N6-A.N6,A.N6-A.N1,A.N1-A.N1,,,,,,,,,,,,,,,A-A,A.N6-A.N6_2.678,A.N6-A.N1_2.736,A.N1-A.N1_2.632,nan_nan,nan_nan,nan_nan,nan_nan,nan_nan,nan_nan,nan_nan,2.678,2.632,9MQU_A,9MQU_A,A,RNA (332-MER),Candida albicans (5476),332,A,RNA (332-MER),Candida albicans (5476),332,47.55090909,44.57909091,47.334,43.526,1.900840865,9MQU_A_262_*_A_281_*,terminal
9NL5,ELECTRON MICROSCOPY,3,R1.A2117,R1,A,2117,*,R1.A2170,R1,A,2170,*,A-A,undefined,--,cWW,cW-W,R1.A2117-R1.A2170,3.352,3.33,,A.N6-A.N6,A.N1-A.N1,,,,,,,,,,,,,,,,A-A,A.N6-A.N6_3.352,A.N1-A.N1_3.33,nan_nan,nan_nan,nan_nan,nan_nan,nan_nan,nan_nan,nan_nan,nan_nan,3.352,3.33,9NL5_R1,9NL5_R1,GA,23S ribosomal RNA,Escherichia coli (562),2903,GA,23S ribosomal RNA,Escherichia coli (562),2903,135.1556027,140.3846932,134.917068,140.222616,32.07238491,9NL5_R1_2117_*_R1_2170_*,unstructured